{"stats":{"minecraft:picked_up":{"minecraft:dirt":1},"minecraft:mined":{"minecraft:grass_block":1},"minecraft:used":{"minecraft:camel_spawn_egg":3,"minecraft:dirt":1,"minecraft:sand":4,"minecraft:sheep_spawn_egg":1,"minecraft:cat_spawn_egg":9},"minecraft:custom":{"minecraft:jump":19,"minecraft:open_chest":1,"minecraft:time_since_rest":3180,"minecraft:walk_on_water_one_cm":253,"minecraft:deaths":1,"minecraft:damage_dealt":70,"minecraft:crouch_one_cm":51,"minecraft:sprint_one_cm":775,"minecraft:play_time":17680,"minecraft:time_since_death":3148,"minecraft:walk_one_cm":6952,"minecraft:climb_one_cm":16,"minecraft:sneak_time":1001,"minecraft:total_world_time":17680,"minecraft:talked_to_villager":4,"minecraft:fly_one_cm":292109}},"DataVersion":3700}