{"stats":{"minecraft:mined":{"minecraft:oak_log":1},"minecraft:crafted":{"minecraft:oak_planks":4},"minecraft:used":{"securitycraft:sentry":6,"minecraft:oak_planks":4},"minecraft:picked_up":{"minecraft:oak_log":1,"securitycraft:sentry":1},"minecraft:custom":{"minecraft:jump":14,"minecraft:time_since_rest":3022,"minecraft:crouch_one_cm":342,"minecraft:leave_game":2,"minecraft:play_time":3022,"minecraft:sprint_one_cm":850,"minecraft:time_since_death":3022,"minecraft:walk_one_cm":3861,"minecraft:sneak_time":601,"minecraft:total_world_time":3022,"minecraft:fly_one_cm":5997}},"DataVersion":3465}