{"stats":{"minecraft:custom":{"minecraft:jump":8,"minecraft:time_since_rest":1729,"minecraft:leave_game":1,"minecraft:crouch_one_cm":46,"minecraft:sprint_one_cm":726,"minecraft:play_time":1729,"minecraft:time_since_death":1729,"minecraft:walk_one_cm":1618,"minecraft:sneak_time":360,"minecraft:total_world_time":1729,"minecraft:fly_one_cm":1193},"minecraft:crafted":{"minecraft:oak_planks":4},"minecraft:mined":{"minecraft:oak_log":1},"minecraft:used":{"minecraft:oak_planks":4},"minecraft:picked_up":{"minecraft:oak_log":1}},"DataVersion":3465}